Workbook

Sheet Confusion Matrix
A1: NormaAI Validation Framework — Confusion Matrix
A2: Inserire manualmente il risultato nella colonna 'Classification' dopo ogni test run
A4: Test ID | B4: Company | C4: Framework | D4: Injected Gap | E4: Expected Article | F4: Expected Severity | G4: Difficulty | H4: Classification | I4: Match Score | J4: Keyword Score | K4: Article Score | L4: Matched Articles | M4: Hallucinations (FP) | N4: Notes
A5: A-CSDDD-01 | B5: StahlWerk Industries GmbH | C5: CSDDD | D5: No human rights due diligence beyond tier-1 suppliers | E5: Art. 7-8 CSDDD (Directive 2024/1760) | F5: NON_COMPLIANT | G5: EASY
A6: A-CSDDD-02 | B6: StahlWerk Industries GmbH | C6: CSDDD | D6: No grievance mechanism for supply chain workers | E6: Art. 14 CSDDD (Directive 2024/1760) | F6: NON_COMPLIANT | G6: EASY
A7: A-CSRD-01 | B7: StahlWerk Industries GmbH | C7: CSRD | D7: No Scope 3 emissions reporting | E7: ESRS E1-6 (Climate Change — GHG Emissions) | F7: NON_COMPLIANT | G7: EASY
A8: A-CSRD-02 | B8: StahlWerk Industries GmbH | C8: CSRD | D8: No double materiality assessment conducted | E8: ESRS 1 Chapter 3 (Double Materiality) | F8: NON_COMPLIANT | G8: MEDIUM
A9: B-AIACT-01 | B9: VisionGuard SAS | C9: AI_ACT | D9: Biometric categorization system without AI Act compliance | E9: Art. 6(2) + Annex III(1) AI Act (Reg. 2024/1689) | F9: NON_COMPLIANT | G9: MEDIUM
A10: B-AIACT-02 | B10: VisionGuard SAS | C10: AI_ACT | D10: No AI impact assessment or technical documentation | E10: Art. 9, 11, 13 AI Act (Reg. 2024/1689) | F10: NON_COMPLIANT | G10: EASY
A11: B-AIACT-03 | B11: VisionGuard SAS | C11: AI_ACT | D11: No human oversight on automated disciplinary decisions | E11: Art. 14 AI Act (Reg. 2024/1689) | F11: NON_COMPLIANT | G11: MEDIUM
A12: B-GDPR-01 | B12: VisionGuard SAS | C12: GDPR | D12: Biometric data processing without valid consent (Art. 9) | E12: Art. 9(2)(a) GDPR + Art. 7 (Conditions for consent) | F12: NON_COMPLIANT | G12: EASY
A13: B-GDPR-02 | B13: VisionGuard SAS | C13: GDPR | D13: Data transfer to US without adequate safeguards (SCCs) | E13: Art. 46 GDPR (Transfers subject to appropriate safeguards) | F13: NON_COMPLIANT | G13: EASY
A14: C-DORA-01 | B14: Banca Credito Adriatico S.p.A. | C14: DORA | D14: No ICT risk management framework | E14: Art. 6-7 DORA (Reg. 2022/2554) | F14: NON_COMPLIANT | G14: EASY
A15: C-DORA-02 | B15: Banca Credito Adriatico S.p.A. | C15: DORA | D15: No digital operational resilience testing (TLPT) | E15: Art. 24-27 DORA (Reg. 2022/2554) | F15: NON_COMPLIANT | G15: MEDIUM
A16: C-DORA-03 | B16: Banca Credito Adriatico S.p.A. | C16: DORA | D16: Third-party ICT contracts lack DORA-required provisions | E16: Art. 30 DORA (Reg. 2022/2554) | F16: NON_COMPLIANT | G16: MEDIUM
... A29: E-GDPR-04 | B29: TalentLens AI S.L. | C29: GDPR | D29: No disclosure of automated decision-making logic or right to contest | E29: Art. 22 GDPR + Art. 13(2)(f) GDPR | F29: NON_COMPLIANT | G29: MEDIUM

Sheet Dashboard
A1: NormaAI — Validation Dashboard
A3: Overall Metrics
A4: Metric | B4: Value | C4: Formula
A5: Total Test Cases | B5: 25
A6: True Positives (TP) | C6: =COUNTIF('Confusion Matrix'!H5:H29,"TRUE_POSITIVE") -> 0
A7: Partial Matches (PM) | C7: =COUNTIF('Confusion Matrix'!H5:H29,"PARTIAL_MATCH") -> 0
A8: False Negatives (FN) | C8: =COUNTIF('Confusion Matrix'!H5:H29,"FALSE_NEGATIVE") -> 0
A9: Errors | C9: =COUNTIF('Confusion Matrix'!H5:H29,"ERROR") -> 0
A10: Detection Rate (%) | C10: =IF(B5>0,(B6+0.5*B7)/B5*100,0) -> 0
A11: Hallucinations Count | C11: =COUNTA('Confusion Matrix'!M5:M29)-COUNTBLANK('Confusion Matrix'!M5:M29) -> -25
A14: Per-Framework Breakdown
A15: Framework | B15: Total | C15: TP | D15: PM | E15: FN | F15: Detection Rate (%)
A16: AI_ACT | B16: =COUNTIF('Confusion Matrix'!C5:C29,A16) -> 5 | C16: =COUNTIFS('Confusion Matrix'!C5:C29,A16,'Confusion Matrix'!H5:H29,"TRUE_POSITIVE") -> 0 | D16: =COUNTIFS('Confusion Matrix'!C5:C29,A16,'Confusion Matrix'!H5:H29,"PARTIAL_MATCH") -> 0 | E16: =COUNTIFS('Confusion Matrix'!C5:C29,A16,'Confusion Matrix'!H5:H29,"FALSE_NEGATIVE") -> 0 | F16: =IF(B16>0,(C16+0.5*D16)/B16*100,0) -> 0
A17: CSDDD | B17: =COUNTIF('Confusion Matrix'!C5:C29,A17) -> 2 | C17: =COUNTIFS('Confusion Matrix'!C5:C29,A17,'Confusion Matrix'!H5:H29,"TRUE_POSITIVE") -> 0 | D17: =COUNTIFS('Confusion Matrix'!C5:C29,A17,'Confusion Matrix'!H5:H29,"PARTIAL_MATCH") -> 0 | E17: =COUNTIFS('Confusion Matrix'!C5:C29,A17,'Confusion Matrix'!H5:H29,"FALSE_NEGATIVE") -> 0 | F17: =IF(B17>0,(C17+0.5*D17)/B17*100,0) -> 0
A18: CSRD | B18: =COUNTIF('Confusion Matrix'!C5:C29,A18) -> 4 | C18: =COUNTIFS('Confusion Matrix'!C5:C29,A18,'Confusion Matrix'!H5:H29,"TRUE_POSITIVE") -> 0 | D18: =COUNTIFS('Confusion Matrix'!C5:C29,A18,'Confusion Matrix'!H5:H29,"PARTIAL_MATCH") -> 0 | E18: =COUNTIFS('Confusion Matrix'!C5:C29,A18,'Confusion Matrix'!H5:H29,"FALSE_NEGATIVE") -> 0 | F18: =IF(B18>0,(C18+0.5*D18)/B18*100,0) -> 0
A19: DORA | B19: =COUNTIF('Confusion Matrix'!C5:C29,A19) -> 3 | C19: =COUNTIFS('Confusion Matrix'!C5:C29,A19,'Confusion Matrix'!H5:H29,"TRUE_POSITIVE") -> 0 | D19: =COUNTIFS('Confusion Matrix'!C5:C29,A19,'Confusion Matrix'!H5:H29,"PARTIAL_MATCH") -> 0 | E19: =COUNTIFS('Confusion Matrix'!C5:C29,A19,'Confusion Matrix'!H5:H29,"FALSE_NEGATIVE") -> 0 | F19: =IF(B19>0,(C19+0.5*D19)/B19*100,0) -> 0
A20: GDPR | B20: =COUNTIF('Confusion Matrix'!C5:C29,A20) -> 8 | C20: =COUNTIFS('Confusion Matrix'!C5:C29,A20,'Confusion Matrix'!H5:H29,"TRUE_POSITIVE") -> 0 | D20: =COUNTIFS('Confusion Matrix'!C5:C29,A20,'Confusion Matrix'!H5:H29,"PARTIAL_MATCH") -> 0 | E20: =COUNTIFS('Confusion Matrix'!C5:C29,A20,'Confusion Matrix'!H5:H29,"FALSE_NEGATIVE") -> 0 | F20: =IF(B20>0,(C20+0.5*D20)/B20*100,0) -> 0
A21: NIS2 | B21: =COUNTIF('Confusion Matrix'!C5:C29,A21) -> 1 | C21: =COUNTIFS('Confusion Matrix'!C5:C29,A21,'Confusion Matrix'!H5:H29,"TRUE_POSITIVE") -> 0 | D21: =COUNTIFS('Confusion Matrix'!C5:C29,A21,'Confusion Matrix'!H5:H29,"PARTIAL_MATCH") -> 0 | E21: =COUNTIFS('Confusion Matrix'!C5:C29,A21,'Confusion Matrix'!H5:H29,"FALSE_NEGATIVE") -> 0 | F21: =IF(B21>0,(C21+0.5*D21)/B21*100,0) -> 0
A22: TAXONOMY | B22: =COUNTIF('Confusion Matrix'!C5:C29,A22) -> 2 | C22: =COUNTIFS('Confusion Matrix'!C5:C29,A22,'Confusion Matrix'!H5:H29,"TRUE_POSITIVE") -> 0 | D22: =COUNTIFS('Confusion Matrix'!C5:C29,A22,'Confusion Matrix'!H5:H29,"PARTIAL_MATCH") -> 0 | E22: =COUNTIFS('Confusion Matrix'!C5:C29,A22,'Confusion Matrix'!H5:H29,"FALSE_NEGATIVE") -> 0 | F22: =IF(B22>0,(C22+0.5*D22)/B22*100,0) -> 0
A25: Per-Difficulty Breakdown
A26: Difficulty | B26: Total | C26: TP | D26: PM | E26: FN | F26: Detection Rate (%)
A27: EASY | B27: =COUNTIF('Confusion Matrix'!G5:G29,A27) -> 12 | C27: =COUNTIFS('Confusion Matrix'!G5:G29,A27,'Confusion Matrix'!H5:H29,"TRUE_POSITIVE") -> 0 | D27: =COUNTIFS('Confusion Matrix'!G5:G29,A27,'Confusion Matrix'!H5:H29,"PARTIAL_MATCH") -> 0 | E27: =COUNTIFS('Confusion Matrix'!G5:G29,A27,'Confusion Matrix'!H5:H29,"FALSE_NEGATIVE") -> 0 | F27: =IF(B27>0,(C27+0.5*D27)/B27*100,0) -> 0
A28: MEDIUM | B28: =COUNTIF('Confusion Matrix'!G5:G29,A28) -> 9 | C28: =COUNTIFS('Confusion Matrix'!G5:G29,A28,'Confusion Matrix'!H5:H29,"TRUE_POSITIVE") -> 0 | D28: =COUNTIFS('Confusion Matrix'!G5:G29,A28,'Confusion Matrix'!H5:H29,"PARTIAL_MATCH") -> 0 | E28: =COUNTIFS('Confusion Matrix'!G5:G29,A28,'Confusion Matrix'!H5:H29,"FALSE_NEGATIVE") -> 0 | F28: =IF(B28>0,(C28+0.5*D28)/B28*100,0) -> 0
A29: HARD | B29: =COUNTIF('Confusion Matrix'!G5:G29,A29) -> 4 | C29: =COUNTIFS('Confusion Matrix'!G5:G29,A29,'Confusion Matrix'!H5:H29,"TRUE_POSITIVE") -> 0 | D29: =COUNTIFS('Confusion Matrix'!G5:G29,A29,'Confusion Matrix'!H5:H29,"PARTIAL_MATCH") -> 0 | E29: =COUNTIFS('Confusion Matrix'!G5:G29,A29,'Confusion Matrix'!H5:H29,"FALSE_NEGATIVE") -> 0 | F29: =IF(B29>0,(C29+0.5*D29)/B29*100,0) -> 0

Sheet Profiles
A1: Synthetic Company Profiles — Reference
A3: ID | B3: Company | C3: Sector | D3: Employees | E3: Jurisdictions | F3: Test Cases
A4: SYNTH-A | B4: StahlWerk Industries GmbH | C4: Manufacturing — Automotive Components | D4: 1200 | E4: DE, PL, CZ | F4: 4
A5: SYNTH-B | B5: VisionGuard SAS | C5: Technology — AI/Computer Vision SaaS | D5: 85 | E5: FR | F5: 5
A6: SYNTH-C | B6: Banca Credito Adriatico S.p.A. | C6: Financial Services — Retail Banking | D6: 2800 | E6: IT | F6: 6
A7: SYNTH-D | B7: GreenGrid Energy B.V. | C7: Energy — Power Generation & Utilities | D7: 4500 | E7: NL, BE | F7: 4
A8: SYNTH-E | B8: TalentLens AI S.L. | C8: Technology — HR-Tech / AI Recruitment | D8: 45 | E8: ES, FR, DE | F8: 6

Sheet Legenda
A1: Legenda e Istruzioni
A3: Classificazione | B3: Significato | C3: Colore | D3: Azione
A4: TRUE_POSITIVE | B4: L'agente ha trovato il gap iniettato con citazione corretta | C4: Verde | D4: Nessuna — funziona!
A5: PARTIAL_MATCH | B5: L'agente ha trovato il concetto ma senza citazione esatta | C5: Giallo | D5: Migliorare prompt o retrieval
A6: FALSE_NEGATIVE | B6: L'agente NON ha trovato il gap che doveva trovare | C6: Rosso | D6: Bug critico — investigare
A7: ERROR | B7: Errore API (timeout, rate limit, crash) | C7: Grigio | D7: Fix infrastruttura
A8: HALLUCINATION (FP) | B8: L'agente ha inventato un gap inesistente | C8: Arancione | D8: Migliorare grounding RAG
A10: Come usare questo framework:
A11: 1. Avvia NormaAI: cd normaai && python -m src.api.main
A12: 2. Lancia i test: python test_runner.py --base-url http://localhost:8000 --delay 10
A13: 3. I risultati vengono salvati in test_results.json
A14: 4. Copia i risultati nel foglio 'Confusion Matrix' oppure usa results_to_excel.py
A15: 5. Il foglio 'Dashboard' calcola automaticamente le metriche
A16: 6. Nella colonna 'Hallucinations': annota OGNI gap che l'agente ha trovato MA che non era iniettato
A17: 7. Target: Detection Rate > 80% e Hallucination Rate < 10%
